,AESL_inst_pipelined_layer_processor,,module_status1.csv
,grp_pipelined_layer_processor_Pipeline_Clear_fu_310,,module_status2.csv
,grp_read_big_tile_fu_330,,module_status3.csv
grp_read_big_tile_fu_330,grp_read_big_tile_Pipeline_Read_Loop_fu_105,,module_status4.csv
,grp_read_big_tile_1_fu_354,,module_status5.csv
grp_read_big_tile_1_fu_354,grp_read_big_tile_1_Pipeline_Read_Loop_fu_77,,module_status6.csv
,grp_write_big_tile_fu_363,,module_status7.csv
grp_write_big_tile_fu_363,grp_write_big_tile_Pipeline_Write_Rows_Write_Cols_fu_108,,module_status8.csv
,grp_compute_systolic_fu_387,,module_status9.csv
grp_compute_systolic_fu_387,grp_compute_systolic_Pipeline_Load_Cache_Row_fu_8708,,module_status10.csv
grp_compute_systolic_fu_387,grp_compute_systolic_Pipeline_Pulse_fu_9768,,module_status11.csv
grp_compute_systolic_fu_387,grp_compute_systolic_Pipeline_Store_Cache_Row_fu_11854,,module_status12.csv
